{
  "orders": [
    5,
    7,
    9,
    11
  ],
  "resolutions": [
    60,
    200,
    360
  ],
  "err_rec": [
    [
      0.008090109631337092,
      8.814705408482617e-06,
      2.7842154198472086e-07
    ],
    [
      5.0924872114107645e-05,
      4.020247545759998e-09,
      3.816536813168185e-11
    ],
    [
      2.637551871926006e-08,
      4.105818458942721e-12,
      7.25137137356401e-13
    ],
    [
      2.433119411307447e-10,
      3.740560763277973e-12,
      7.100799861381493e-13
    ]
  ],
  "err_std": [
    [
      0.008090109676042097,
      8.814709225508802e-06,
      2.784211178865262e-07
    ],
    [
      5.0924863487410435e-05,
      4.02106091025631e-09,
      3.772780870503533e-11
    ],
    [
      2.6228501980432318e-08,
      1.66669640005077e-13,
      1.4155109901029214e-14
    ],
    [
      3.469441624565018e-14,
      1.762451647014553e-14,
      1.637551929726909e-14
    ]
  ]
}